{
  "baseline_ppl": 7.006035403135711,
  "flip_counts": [
    100,
    1000,
    10000,
    50000,
    100000,
    500000
  ],
  "total_bits_all_mlp": 5435817984,
  "total_bits_mid_mlp": 1358954496,
  "strategies": {
    "random_all_mlp": {
      "name": "Random \u2014 all MLP layers",
      "perplexities": [
        7.003629897441532,
        7.004832547030307,
        7.003629897441532,
        7.0156656908343615,
        7.013256878603665,
        6.953304630467272
      ]
    },
    "random_mid_mlp": {
      "name": "Random \u2014 MLP layers 16-24",
      "perplexities": [
        7.012052782653562,
        7.004832547030307,
        7.000023187420441,
        7.004832547030307,
        7.007238465793206,
        7.008441735038261
      ]
    },
    "scale_medium": {
      "name": "Scale-guided (medium) \u2014 layers 16-24",
      "perplexities": [
        7.009645210906349,
        7.003629897441532,
        7.013256878603665,
        7.007238465793206,
        7.000023187420441,
        7.0289289544995555
      ]
    },
    "scale_high": {
      "name": "Scale-guided (HIGH) \u2014 layers 16-24",
      "perplexities": [
        7.001225217672047,
        7.001225217672047,
        7.006035403135711,
        7.001225217672047,
        7.0156656908343615,
        7.04463605177954
      ]
    }
  }
}