{
  "baseline": {
    "geography_france": {
      "gap": 6.49609375,
      "prob_correct": 0.72900390625
    },
    "geography_japan": {
      "gap": 8.0234375,
      "prob_correct": 0.6416015625
    },
    "arithmetic": {
      "gap": 0.07421875,
      "prob_correct": 0.00022923946380615234
    },
    "common_knowledge": {
      "gap": 3.6796875,
      "prob_correct": 0.1734619140625
    },
    "code_completion": {
      "gap": 11.11669921875,
      "prob_correct": 0.0251617431640625
    },
    "python_api": {
      "gap": 13.212890625,
      "prob_correct": 0.0704345703125
    },
    "chemistry": {
      "gap": 7.84375,
      "prob_correct": 0.33984375
    },
    "physics": {
      "gap": -4.2607421875,
      "prob_correct": 1.7881393432617188e-07
    }
  },
  "experiments": [
    {
      "name": "flip_entire_mlp_per_layer",
      "data": [
        [
          0,
          5.184906005859375,
          10.04345703125,
          2
        ],
        [
          1,
          5.700469970703125,
          11.626953125,
          3
        ],
        [
          2,
          5.43292236328125,
          10.33154296875,
          1
        ],
        [
          3,
          7.1761322021484375,
          16.37255859375,
          3
        ],
        [
          4,
          5.31330680847168,
          7.958984375,
          2
        ],
        [
          5,
          4.818181991577148,
          9.255859375,
          2
        ],
        [
          6,
          3.93109130859375,
          8.0078125,
          3
        ],
        [
          7,
          3.1759033203125,
          5.41796875,
          2
        ],
        [
          8,
          3.978424072265625,
          6.174072265625,
          2
        ],
        [
          9,
          3.4307861328125,
          5.974609375,
          1
        ],
        [
          10,
          2.76556396484375,
          4.78125,
          1
        ],
        [
          11,
          2.57220458984375,
          5.115234375,
          1
        ],
        [
          12,
          1.89453125,
          5.2265625,
          1
        ],
        [
          13,
          1.813720703125,
          3.744140625,
          1
        ],
        [
          14,
          1.1431884765625,
          1.87890625,
          1
        ],
        [
          15,
          1.16986083984375,
          2.4609375,
          1
        ],
        [
          16,
          1.8043708801269531,
          3.251373291015625,
          1
        ],
        [
          17,
          0.80108642578125,
          1.53076171875,
          1
        ],
        [
          18,
          1.45587158203125,
          2.65625,
          1
        ],
        [
          19,
          0.89581298828125,
          1.400390625,
          1
        ],
        [
          20,
          0.69366455078125,
          1.484375,
          1
        ],
        [
          21,
          1.5953369140625,
          3.7734375,
          1
        ],
        [
          22,
          2.5687255859375,
          5.55419921875,
          0
        ],
        [
          23,
          1.81732177734375,
          4.36083984375,
          1
        ],
        [
          24,
          2.36749267578125,
          4.6953125,
          1
        ],
        [
          25,
          2.196014404296875,
          4.3515625,
          1
        ],
        [
          26,
          2.808624267578125,
          6.265625,
          1
        ],
        [
          27,
          3.4204864501953125,
          6.171875,
          0
        ],
        [
          28,
          2.79351806640625,
          5.80859375,
          1
        ],
        [
          29,
          3.40374755859375,
          6.294921875,
          1
        ],
        [
          30,
          2.65374755859375,
          5.8125,
          0
        ],
        [
          31,
          2.498291015625,
          4.97998046875,
          0
        ],
        [
          32,
          2.93328857421875,
          5.7578125,
          1
        ],
        [
          33,
          2.9744873046875,
          7.7939453125,
          0
        ],
        [
          34,
          9.034088134765625,
          15.90185546875,
          4
        ],
        [
          35,
          3.17425537109375,
          15.439453125,
          1
        ]
      ]
    }
  ],
  "layer_34_flip": {
    "geography_france": {
      "gap": -2.375244140625,
      "prob_correct": 0.0
    },
    "geography_japan": {
      "gap": 1.787109375,
      "prob_correct": 0.0
    },
    "arithmetic": {
      "gap": 1.353515625,
      "prob_correct": 0.0
    },
    "common_knowledge": {
      "gap": 8.689453125,
      "prob_correct": 5.960464477539063e-08
    },
    "code_completion": {
      "gap": -4.78515625,
      "prob_correct": 0.0
    },
    "python_api": {
      "gap": 2.55224609375,
      "prob_correct": 0.00043320655822753906
    },
    "chemistry": {
      "gap": -2.6728515625,
      "prob_correct": 0.0
    },
    "physics": {
      "gap": 9.5361328125,
      "prob_correct": 0.0
    }
  },
  "layer_3_flip": {
    "geography_france": {
      "gap": -1.24609375,
      "prob_correct": 0.0
    },
    "geography_japan": {
      "gap": 1.22265625,
      "prob_correct": 1.7881393432617188e-07
    },
    "arithmetic": {
      "gap": 1.927734375,
      "prob_correct": 0.00011986494064331055
    },
    "common_knowledge": {
      "gap": -1.16796875,
      "prob_correct": 3.5762786865234375e-07
    },
    "code_completion": {
      "gap": -5.255859375,
      "prob_correct": 5.960464477539063e-08
    },
    "python_api": {
      "gap": 2.5103759765625,
      "prob_correct": 1.2159347534179688e-05
    },
    "chemistry": {
      "gap": 2.5458984375,
      "prob_correct": 2.962350845336914e-05
    },
    "physics": {
      "gap": -0.46875,
      "prob_correct": 1.7881393432617188e-06
    }
  },
  "layer_1_flip": {
    "geography_france": {
      "gap": -1.217529296875,
      "prob_correct": 3.5762786865234375e-07
    },
    "geography_japan": {
      "gap": 2.384765625,
      "prob_correct": 2.0265579223632812e-06
    },
    "arithmetic": {
      "gap": -0.9013671875,
      "prob_correct": 7.927417755126953e-06
    },
    "common_knowledge": {
      "gap": 2.2294921875,
      "prob_correct": 1.0728836059570312e-06
    },
    "code_completion": {
      "gap": 2.6767578125,
      "prob_correct": 5.960464477539062e-07
    },
    "python_api": {
      "gap": 1.5859375,
      "prob_correct": 1.7881393432617188e-07
    },
    "chemistry": {
      "gap": -0.23046875,
      "prob_correct": 5.6624412536621094e-05
    },
    "physics": {
      "gap": -2.576171875,
      "prob_correct": 2.682209014892578e-06
    }
  }
}